SKMEI Watch Waterproof Digital LED Wristwatch Fashion Sport Watches Mens  NewH,11.29,AU,2,https://www.ebay.com/itm/363447037738?_trkparms=ispr%3D1&hash=item549f21af2a:g:nXYAAOSwfD9fJ9ku&amdata=enc%3AAQAGAAACoPYe5NmHp%252B2JMhMi7yxGiTJkPrKr5t53CooMSQt2orsS5%252FLJbfonbQUYd49AU1AJYywNgv11AVN1t%252FQPudotqUMNuAtgM57LXlOgMn0UbmUVBBJTU%252B3oVJUtQX%252FCl4G5E2ta8Wa8lw9kNIoB5YCqpGtdDp4XLqw61Z%252FGoutdQrH62%252B2MPCpIj41hVM%252BWxrF7fg7JDe4pV%252F0xpF46fDsotFZBpgD6tnoWC66EEFH7B5%252FKp3Ayk31FUz6AP9Ifrfq8XG9sz%252F0B2vmdoHbvzZ2%252FRczpFFF0NPVKHr0g53xAee4oVSDQTHRO69n%252BXdlMRdW71F9AulUMEYIco%252BDQrS8BwdpI0UIeqwhTxYt9ot0cp%252FdEgRzw5wn%252Fo6%252B6im584bXuorAbEJwXZ33%252BG3C8NLvoJw9IDYN6LrOGZfEHZGsEI1Bxz8492NgXiqNqlTONYB75sRcey2MRcvYwe0Ct88NhbZWBI9g2IpcyobPvVlygGriqwDLg0AiQmAt%252BpZnRBwG30RcRklCOMNHuShIZNCxDQb0qI5pqmuPWYG2Y3%252FMjhtRa57PhV3GR%252BzIwX0cpPeNa3DPACqV%252FnpZM1Wf2lHIXlsrUImpdbmXC%252FrJuWEmt2pEfaKkLnm9nmV0h08vcJe4IvP3Xfepk0KpF4y0ZD0TKEar2csC23F7Hk8e%252Fs%252FXymWrOixL584rkL4cOXRI9gyj4%252B%252FQw1brDV1BSVFlQzbbucZjEgNlU9vDTXwTg00ROFVS%252B1rCFFJ8N3f1P9N1ALhN2TdfKguqubKr4dtAp9KUPe6EapaTRGgFcGvFjW%252F%252BYempDkRRc8HOeSRvHPn8O1qVggYxt7D%252BMWEK2cjZCSDESOs%252F6gLFreG7PtCsBeUH956f2hBK966G8HioceoyUYi6Tsg%253D%253D%7Campid%3APL_CLK%7Cclp%3A2334524
SKMEI Watch Digital Outdoor Sports Mens Womens Watches 50m Waterproof Wristwatch,6.5,GBP,12,https://www.ebay.com/itm/164246342337?_trkparms=ispr%3D1&hash=item263dd84ac1:g:ffQAAOSwBDpe59L5&amdata=enc%3AAQAGAAACoPYe5NmHp%252B2JMhMi7yxGiTJkPrKr5t53CooMSQt2orsSLY2M1Gjmuwt9c03vWNfiRlmqVxmgdeX6Uj8oSplgeW0GgJgy49%252BG69i5QmIbihwJpXKyeQ2xFY17xoCJkqhdsrsJjHMNnK9DDFQ47oV1REbKBzrnhIwoQ5HJIz%252FUt6BQ8uLz31wIDFiFWtB857%252BAj76eTVbk5PF3E9ILWLfAQMs50hTCf9TbaiCxUNo4wZpwnlkuynJhZmWAuxS2Qc3xDb7XhEFjE%252Bq3sym5UGQmgcm04tx9sr4BCnI2vQGlBreAlWECnRlGGNBGBDYkiohiv%252BzzTq7xdrY5qvseHwaZ%252BlXoK%252FIba%252FeNl0rS45ljDQIa06zLVVK6hUjPY1AqxveFmNxSttOtwHZ865oHtwtPnnnigBmaOexTW%252BCF7l1Of7aFWGg27lU45H%252BEazeKvo7dqETp988FbqhaRTcd2jxwWQLQimBEGExOQfp3aSh5VpCnH84x2srSdhqBQBarRtHAvlTPw645DUPGt%252Fe%252FUBiCINDXSF1%252FCmVhUOG9sM4y5f0VcF%252BF2cBFo7%252BV%252B0aOGWDGTjhvbIU1WcQD%252Bwgt8Ma3nhW1cWchSaDugFFlbXsXNaZyHkvYmNfhL2r%252BtGpKqiy3xzUMjGfyRiFeqCfVKUrOpvoDl0jdW9bB11c3VJNnrORsESrjIQgjkvLDogN3ugnI%252FHDYdEudbRvvel4D1XJZMUh%252BkRBkWinJni7W3HDhK3qmLD9Xp4dqsQjRBQp9h2%252F%252F1bvtXDG0bgGtrbAmL1CIjpTPPuS2Du31aqLauER6Ey15mU5dl53ybVi%252BtbUjb5QnpIcYSaQb3OW9bqnqZSThOfkPi5AXEnxv5Ckn0QT7MNbbpbC72R7c1buIpT6IPbOD8Q%253D%253D%7Campid%3APL_CLK%7Cclp%3A2334524
SKMEI Luxury Mens Digital Watches Military Waterproof Quartz Sport Watch 1343 2,11.24,GBP,,https://www.ebay.com/itm/334080205731?_trkparms=ispr%3D1&hash=item4dc8bb63a3:g:BX0AAOSwTbNg8oSW&amdata=enc%3AAQAGAAACoPYe5NmHp%252B2JMhMi7yxGiTJkPrKr5t53CooMSQt2orsSprd4IgPv6LBzlteBBg9Pe0eWc2YZ1UUwaIhsWgPmr9MHLrFaG9ZiIKohTpNnK4y9bHsA07GmxtB3RypIubpLd%252F7DiyFwYdIIt7dNkQUqxzp5LGyI9Oh%252Fx8PKd6WJRc2TrN4TAtXvm4o8WGwuqk50wc6erKzywxjaOZosjFCWSIaRWLhkFdnWYUXfiIHfEgczZSRoeBfkis%252FcaF3P8dIaolJzYeHVQIL1ECA1ppDg6dHvGAIMvzCySw0xxv3PvZFU2lj6XrivXV4bFIxOX5zs8ZPgEvGq9lrTBL%252FrsLarnUDqxCxvFgk92Hq6g3Y8TljXHH%252FGaXNyEfAUcoRFMLvqFmOoU7w0T0vqIE4CP4S99rl1lsNEk1t7IPNcAEdyJ72Jjofeh4QntxEYPaHi5BkUhMT6x8p46L0fcAikYG0HW2elJcVlSAvCeJxAHyVR4XvIA6KLEjraMC020jxjH4JaGjL9ghLsQBQyqtthBaRng7aIXZR6WOQIKSuJccY07GYeIxAyNKhcVh5RORO%252B0Dky5udj59t3jcQ3mX2iKrWiMjdFpcL4LEIVRElTvIxG6suOg%252BGpZoYsRQ3roADSqkQgDYubqj%252BdJOS1UspZvZ1J1A3w9mJ%252BeHVeAQq2InSSeYfOssSJCYd1oeH9EdRTFkEgLqs4czAIjc2si4sTjfyKwQzu7xYuEwL%252BZ%252FEc2Ye1bgAuPyexhjFQzOYXPtDBnB0qbZxP4%252B8NqGi9Bqy%252BKfpVmiWy3aOmIv1qp%252Fptelqd4sxbgw2TzaX0o3qGWuhHH%252FsiwgwlxXi0FJ1pXfcNIGmqsSbkCKad1qWaVN8OLmDqj8SAsVcY19JoxrZT9fzUcqcbvA%253D%253D%7Campid%3APL_CLK%7Cclp%3A2334524
SKMEI Mens Sport Digital Alarm EL Light 30m Waterproof Countdown Wrist Watch,16.49,GBP,9,https://www.ebay.com/itm/202852272567?_trkparms=ispr%3D1&hash=item2f3af009b7:g:LM4AAOSw6-5d8iCp&amdata=enc%3AAQAGAAACoPYe5NmHp%252B2JMhMi7yxGiTJkPrKr5t53CooMSQt2orsSjVt3vLKCbov98Z19qhuwY5rN8aKD1wUnTZjs7SHWdCmvgPwWe%252Fe3azKBO2MCAHeeqVgvoohGJ5dMTCG55laLLUBbx9J0ROKPypAIdBI94CGpyrwIrT2lC8BZpJmtxpPdc5qOni4fPxzljGhaf%252F3dpoeJMp%252BCjc5%252F2yUZFfY90NhLMZPyTrbUScJEC04XKqqRDFtalWPUThFFCEPNuUR6%252F2s6Eg4qMUhDpmMqD2lLMiMjMnEeoC%252BaPHY2P0JZz0hlGL1SsuBQ0VnektNY5YIOMbzD0xdA1qKS1OPJ7cg0bnPHLD7vj4EKD7QQbFmhJp3OfQzdfHG5JedcmmKBnPlYSpHdqXMmdnbkz1c%252FiEWmFH0SOfDuZD1A%252BeIK5Tei%252FNTxl%252BADkJllAPtbaiZiLCOXyvE0loX5V3h4b9vsSIIrNghr8bL6d4nKnJqE4swlLcC%252Fa9i1JIPgTA4NWgjPyk%252Fg%252FlRxHtUQt3KAv%252Fsb2SIqx%252B4gFBAzJJSOJHBqiKle8naTrsvRe8n57dsblpBe%252FXVthYZ47ojUGcbWlKyHhk1cYi3LgCAYiLdiWDLr8aEpRKV%252Ba4%252Fe8ZRxYV%252F%252FdxiUMKNOm9%252Ba6uQytABNsVSKtlfqS8s8GR2%252FpDguh4sC%252Bouom25oL9N0BrNsbTASlHqxxwS47rGoPKuQfMmH38qsJYQJRD4xomKZFstkQG%252BFMZz3G2fdVX2eGJp01wr%252Fr0QLeQl1rD6YIVvjpli%252FUCEE%252BpRUnYZas7ZeIuI7zQisIJujzCqekXqcoDST%252BsWfd2ka3vmU4Gs61aXVbQFG1euAgPwe172X97sD7sJHdmcfe6O88WKP0HC8xZrx5hfXETsbo2cukQ%253D%253D%7Campid%3APL_CLK%7Cclp%3A2334524
SKMEI Mens Boys Kids LED Digital Sport Watch Waterproof Date Army Military Watch,5.44,GBP,69,https://www.ebay.com/itm/154100137580?hash=item23e1157e6c:g:OzkAAOSwBMJfaZK9
SKMEI Mens Sport Watch 2 Time Stopwatch Waterproof LED Digital Wristwatch 1759,14.35,C,2,https://www.ebay.com/itm/393343253865?_trkparms=ispr%3D1&hash=item5b9515bd69:g:yJMAAOSw4q5gq5AK&amdata=enc%3AAQAGAAACoPYe5NmHp%252B2JMhMi7yxGiTJkPrKr5t53CooMSQt2orsSU8qUIAeVPdz29zRlje3Lg3DxXbkhdIVQltUfaUCxq4ovGywwHe6rnIBbt9RyinhlVNoTVaY%252FzhV54Qxo6%252FphwRpnZpGmWrvDqUguD7oGBD1IqmxLeCSAaSRWqSdZ6bsaugzTWpyv0LGgVO27bza%252Fu2wxs5Epr43bFfn7hKD%252F6vGJhq63RYkz%252B%252BuXIWX8VUQtg21umAM%252FbjQ94h9uiXaOPGPP7bBNUnaSVISKt5BH77%252FLhNpZUrWMr45xbWWYVyuSO%252FPvz73pckGi%252F1q9zsTE03pJhCm1J9yg0cqn5OOlVQdPsetuOJs157mRJ6EUsin%252BYSQj9nPrYAelftYA%252FCog5YOtjDY1GN6Osx5labFWQDho0086n0eN5K%252BcbLyQRhDRtSPoRNetMpvCR1bI3tw%252FTSojti1OEXiO6ncA44R97mEtx0kBxeSLNBU18uxBq%252Fd9owwo9VT3lqyR2XC0M0z3Kgt4C6UpLZvcxb2pepXPQXM8PNn335J9KvCie0xnwT26F9rDTHaU29XeI5l2rOLK%252B2g5oL7Ar%252F%252BIjiVgRTs5dZgsZlCb%252BOgeYq%252FbhiMSpmC9euAX93%252FbsvBx%252FtgVC3MKmgdjr9PtxWsrEmy2A40hnFri7dDG7Q4YHFq3esgfzV%252FYalaEH6LtB9bkZILP6%252Fu3y%252B2T0opqLLIypN1q9m8yh3e4sCPsZoe8P3yv7WTa6D8nFaQgj7a7vGYqhOalxvXtYIh1QfMFqPv5DeIkALEj4oX1jKNzxMjmNvgEeb56U0iJKWgRhqb924zp%252FwzB%252BNZ9cJeKQOWIRJ01LRLMRN0KdqnOYFDKZdfnTFkXbUJN4Vj7lsryxiqMaV4vGk0jr2YFPQ%253D%253D%7Campid%3APL_CLK%7Cclp%3A2334524
SKMEI Watch Mens/Womens Watches Waterproof Sport Outdoor LED Digital Wristwatch,10.45,US,1,https://www.ebay.com/itm/334070411347?hash=item4dc825f053:g:NDMAAOSw8SRg6CnN
SKMEI Mens Watch Delicate Silicone Sport Waterproof Quartz Fashion Wrist Watch,11.99,GBP,61,https://www.ebay.com/itm/262870027357?hash=item3d34464c5d:g:7toAAOSwTuJYrMSs
SKMEI Mens 1251 All Black Military Style Army Walking Sports Waterproof Watch,11.49,GBP,11,https://www.ebay.com/itm/265173442801?epid=20031191084&hash=item3dbd91a0f1:g:buoAAOSwOEVgrYjp
SKMEI Outdoor Military Sport Watch 50m Waterproof Men Digital Wristwatch 1420,6.63,GBP,42,https://www.ebay.com/itm/203001650904?hash=item2f43d75ed8:g:D1AAAOSwFUtey93D
SKMEI Military Men Digital Sport Watches Waterproof Stopwatch Count Down 1524 5,9.32,GBP,7,https://www.ebay.com/itm/164293457594?hash=item2640a736ba:g:ErkAAOSweKZfEK4b
5 Colors SKMEI Watch Sport Mens Watches Waterproof LED New Digital V2W6,5.2,GBP,5,https://www.ebay.com/itm/153931738889?hash=item23d70bef09:g:fQgAAOSwZgBevN6w
SKMEI MEN WRISTWATCH LUXURY QUARTZ OUTDOOR SPORTS WATCH 50M WATERPROOF 1370,14.29,AU,49,https://www.ebay.com/itm/143632977732?hash=item2171314f44:g:-H8AAOSwn55e6Grb
Mens Classic Digital Retro Sport LED Chrono Alarm Waterproof Men Wrist Watch,11.99,GBP,4,https://www.ebay.com/itm/224524349441?_trkparms=ispr%3D1&hash=item3446b1b001:g:1UIAAOSwVXRg5PtE&amdata=enc%3AAQAGAAACoPYe5NmHp%252B2JMhMi7yxGiTJkPrKr5t53CooMSQt2orsSvtkx670Z0mbyfWqmxLFLYatxWuDqMehmq%252Fhp7kwP%252BDX3I1UZBZ1X%252FyEvDrDdLvO07fEB1RjnxHAabXlqZmz7ELBM39gqlET4qWnzKqrp%252BH%252BBGVPumOP5J3LNWxe5e%252Fwxi4luD0MqTOJfBgGSnpQwouR%252Bm04lzt%252B3m%252Bsgv8YvVs6QkmOn%252FXf18dLMRTOXJ9Zt5uHueNuu5ly0p8xPp%252Bzms%252BC6zdsMfiAA4xviMeeG52fICb7CGOU9zIkMpglKmjn3zDUovTNnUN4npfgpOtYerRPq%252FZTX72TXyi0NC3UdE7I39ElS3%252FqUoMSQvfRLb9lECMtKnc2dpGi5R7hIuiceIF241o5KHS6KwOsTIFTufvULi%252ByPnQXaikKwzegYWJ00RyZ2ETjMXCSdrYuckUaJzsYavwCbOU8hXibXdow4CRjX9tX2YPXU9pT4HPojYbLqTN%252F6sAeBInDS%252BQKfZ5XqXNVDrmI%252FdZ%252BmOTYquYPITWJENDO%252BCScKmLiS6ge7AgNZANQ88uHL6Ac5QX2UPtldsAYYQ8Gwq8n%252BJHUCpjK%252F0MtQcXlCPBgwm33QerVPV7Ykbx01wjFHKsSm9%252FT3J63mdQpZ7TXOx3c37eeERBuof3aCxHRlHey1%252FTKSu5fEF%252BggpCbvnJCQkIkKxx4HfE8GSKLrC4hm55vTdNYXyhVE4fEK0O3K6BP6axdhgVSpiNE5K8s9peTZWmoy2XPVr7uBO2K%252FzwBUlk%252FDN3gawzxVivsIowns8vMvlFRqMdPqn%252F6EWjn4l%252BobA%252FCO2ynfScwdwT%252FFnRgkVTvuXfRIry9vyc7xYZjW3iEO3NJ%252FUH6iSfAivjy3JFwaEPgFaABZthBghA%253D%253D%7Campid%3APL_CLK%7Cclp%3A2334524
SKMEI Men's Solar Power Sport Dual Time Waterproof Digital Analog Wrist Watch,7.53,GBP,91,https://www.ebay.com/itm/313125666954?_trkparms=ispr%3D1&hash=item48e7be808a:g:ZB4AAOSwzble8a8H&amdata=enc%3AAQAGAAACoPYe5NmHp%252B2JMhMi7yxGiTJkPrKr5t53CooMSQt2orsSB0Xm7k0guzAysaIMfJcbBDvdUML0zTS5ouw63K6OqGZk5LdF8VLkJysV8T4WXu3i8fS%252BoNyH4rEeqCsp0Vn1x8SCOSji2wO6mO8hv8S1bGXBSNM1d7OhV%252BAK2WFxskaUBAyKBbGmLiwhDcvNp3Y%252FlV2YFhWyhR1ovQJZQZSTkOmSpKJOQd%252BIB5juaiYKf6FZq7Z7qUTKJnoSa3dbTdgJ1U3GBIcVHBGZIpNqr3CX7Kz4dvcXbx8ekfU6cYAFpqWlw0uwD3FgM4jFK%252FgzrZg4ivGJ5YQoH0Rt7KdlIVWdNKNoScTJINCJGLh4bksANOBVA8JZA%252FOfxoLZ20yWiLe%252F13RUWIi8k3HDW%252FsNFIGKMdUWuNN2CuErlG69PsEo31t3PWH9downOouvANfC3KUHA3q7Ki3DjcSUosCJeDeYad1gZQN%252B8vAXAWKYEN9LVZbVVhOghKlr0mxXNUd8NfH7zLhqIUwiaR5%252F530UQMHpo1RNjl%252BNmiHfdUp7KUQq%252FNAijBUovkQ0yzzzwbCSC0fP25wtF6%252FmGQNdjsOxQkUmrEiPjGkz%252B2ner0V1m%252BBT3DVo19Ph0IG4TNDZh2x%252BUoXHKmtkHGEk3lB%252BCBGSxNsJGrcwq9rmQYJEm1G9hdPyKlBus%252Fo4BCYoJhFGPMxcI5%252FWSLXhZw1Wz1B94KnIcQbDu6QDLXwj0k9tFz29JWYlkdGp2hq7IwHMynY%252FchMnugx3esriBoOA%252F2x3mvvluQ9ENUPhZZqnpx9o7Da2re7pNqyF9oWDGpnuhVh8wlaGv%252FtSuxOTOS0upqh1HB7aJY4YplDfOh6xbmJ8PXlTg3qYpvrea4XZknPLPnmqlCn4jHI%252BYg%253D%253D%7Campid%3APL_CLK%7Cclp%3A2334524
SKMEI Army Military Sport Men's LED Quartz Analog Digital Waterproof Watch H,6.69,GBP,53,https://www.ebay.com/itm/353188229615?_trkparms=ispr%3D1&hash=item523ba8b1ef:g:5yMAAOSwHQVfTbjw&amdata=enc%3AAQAGAAACoPYe5NmHp%252B2JMhMi7yxGiTJkPrKr5t53CooMSQt2orsSd0ReTLyM7cxPnI6zs468EI2IDvIzI1xplSmzHiRGhRSvvkOHUzlulPw6frGH173NX9PWvA5xMIDPoz%252F0Rww4f6lKB4X4Dux%252F3eARdri7wk6IUP2y9BiCHCSdnDNGlKpCOluiKFk7TAMVm%252BpIZRe%252FDKfsSFj2zWNimBBcsni9H%252B43hc4Vde%252BsD2J4ScA0TqsRjdenYiPCf5sJM%252BBvWy9%252FlPE4cvmWn5tqJWT%252B05AhMSmR7GF7KCprjmSpxcf9lQ5rptTu8GTDtLlcefJQWKOYJjflnyrR7eNQs7lSuPs%252BLzQ4yn%252FluH%252Fi8H%252FxShRBEDXWaoLVytTX9CUrFKzvcjnlCDXwXLKXmH6EOxwifoGIGrD5uZPu31WArek5YewrhS6pMg3NPYZlFx7IhAk9u8%252Bk%252BuqGNRDfrac5I1MVglofk2hiykiInMnP3SGugwAiJtu9Gkb5f3OAXnaNJW6smn0%252FFYVuvy04NapWRC6OwnUfRDRG3pUgdOeY6lNTFB9vxiX1lKlWi%252FspcJGmq%252FAcW0AGPYVJJCTG0lWdQ8aY4g5RxPGixTm0j6HEu%252F9tor4kDGcG642LRPFlujOZQQwNCqtpUl%252FUdiZhz6tnDeQ9H85duMJOzXwhBQXq%252FEBhIKF5xJbYzRX8Bxp3saIdip6u2icQZFbndPrkaKOvH4hLHQeMLjIzXaUwxg7Vnl%252B18J04i25BpXTRqR%252FGjyCK3FatiUFNEhP68HtsC1T1FBJwB1QimBa3NdS35SVpdCDLNzbhJvRXzx8H9%252FtZyzhs1VK3FO3xb90D%252B2EfP4bdO%252BRj2yylwb3N8iDdgRrC%252BS0Q4jmZTVGGxLN1YUSRZjy%252FqOoDW2gIqw%253D%253D%7Campid%3APL_CLK%7Cclp%3A2334524
SKMEI Watch Waterproof Digital LED Wristwatch Fashion Watches Sport Mens D3X4,12.42,AU,7,https://www.ebay.com/itm/154018668310?_trkparms=ispr%3D1&hash=item23dc3a5f16:g:fNsAAOSwNlpfGmo7&amdata=enc%3AAQAGAAACoPYe5NmHp%252B2JMhMi7yxGiTJkPrKr5t53CooMSQt2orsStEKTPzZMfQmny3knR97t0Frh1XhcZid8evlBDVzOnrZahve0k1LsK4filZoohNBBANFnKZpx8DWwomkSRpkxDVQY0w8cqkXI5CX8xnvjT530GxF5K34rJZgtJX%252BRJNxquIS3gzyqvG%252Ft1ZtoK69wbHN4jyASZ7I3w0aAU%252FIT2JUsXngwg266fvnTbTk921r40PaaBzJ4N907Wi1PSNOQUDnc0ek%252BfRKJLYRYje5uFNsvwQjS0N6Ph0h%252F4tsphPUwhxBW0FH3AtAZp5Bx8AnZMy%252BD5aI1ytYuC2rPHeOI4DrIpgReSgjUvshjxWuQR1KgAThjPGhBjLMRWw%252FE6Q483HVcBJ8VZu4etIdIi%252FH1Wf5EvCQFahi%252FkEW3sefWztorG%252BOyZWtTUaMRpCvoEMVNBPGx%252Bnxg6TUuB65rZVXqKV8cqHWcdVv3Z4hBiPGtD%252BfDwIU2%252B6IaBt4l7e%252FqWcn%252BMqTKvCRK1XIQu2ypdnkI%252BxXFCUKOWRVUagdEYA%252FEVWWeSpfDl2NXtgdzoJbdQDCBGEXwdzGCt%252FfhTIsOVGL5E6Wg9h4tmdqSx8lhYsPVuANlGf3rpR%252BsXdd%252FVBaopbebkVj2VwhXjFBkXgRMoKsHa4H%252FME%252FR%252FMmN5JA1FtS1u3y1jh3ttOVMFiGrA6qXTu9hU97LOylryqcY%252F9zYuYDcPq3z%252FjIk29N2lrJY91b2KCNpmB%252BNQs8RaaociPRaAxY0HK8EXz8naJ1JrG2wMgPM8%252B4WOQLhXbGUz4bGw2cIowcR6R5i6K7he34K4Vipaiz%252FynA9txPQbx3s5Bi0tHG4emNRFIUYE70DsPGK3n%252FIuJaQdJmvkt%252FhajdQPbsva028PQ%253D%253D%7Campid%3APL_CLK%7Cclp%3A2334524
kmei bluetooth men smart sports watch sms remind calorie 50m waterproof 1425 F,19.86,US,7,https://www.ebay.com/itm/265087141181?hash=item3db86cc53d:g:uzIAAOSwdg1gTPh-
SKMEI S Shock Mens Dual Time LED Timer Quartz Date Waterproof 5ATM Wrist Watch,16.49,GBP,34,https://www.ebay.com/itm/312824456380?_trkparms=ispr%3D1&hash=item48d5ca64bc:g:omEAAOSwDTdfpXMc&amdata=enc%3AAQAGAAACoPYe5NmHp%252B2JMhMi7yxGiTJkPrKr5t53CooMSQt2orsSB0Xm7k0guzAysaIMfJcbBF5IaqH98TfEQVuHqxguvgZiXtEOp2hzS8mJo4vZPLyfVXbZR%252F%252FceHT%252BHRbrlOM2%252FRtIOtOhYCl%252BxHVyuCp1TN0lEEoHCB8lRdz7%252Bw%252F%252FrmrrtPmzcpiGJWLCRTV4gLXlhyy4C81v5GjzfXBY2qQXS4obRvNiBfQcrJu5i%252FAXGTDgpMpdzL%252Bc9LT4NjDcNQpEGRHbuxR6WFuR1jp2%252BhhnEQ3%252BdCGlnHUyK7B6odZYKmZgdqrfQ15%252F%252BvI3lkCH%252F%252BJukEB7mHX%252BiIjrDFGI5D1fivO4Vz2vNuARDiMJbTjy3BDgktjygxqKjAWsuBnbExFX8Ygg7KkWh%252FuUvB2bAYL%252F5tL%252BVbVyzQ49pw8UYD6vNuNladBTdzp4hpPlx3Jff3hZkqaGM9F7HxscQd08ZwVdKI1gqGnP8s%252BcHs7I02XbBins9%252BGPJgh9UaA3szhHROIzooYijVBU6pyB0aMZIaRIXu56AaKmKFHWOv7zhyIk62P6t%252FHxViQrBpfrbaiQjamsSY4r3qTCrhOzw1QqaeKRyuyOy%252B5iXA2uzgdNdtWkpFAQpv%252F%252BaY2DemmYjXD95bIDlLQG1j0TorNKID3omJMiaZ3mnZPdU2UWj8DfS9dFAAwJTF3ii1CajfqFakimEk%252FarAi6XVV5WQCDNDVu5S3X54vV13miUPyKfNmJ3Z1kYaDLWHL59P%252BCAR0yL%252FO%252Bl1i7ktzQNjgp%252Fh9b3SkBzv9atEAy8IZ3eSTM98vj4h2CDWnU7%252FOqtRUBp2ICJGoALoA3b%252F7HLL4c30aOs5WOQpKhtTD4XbtE5EzfXtw8GtXCmoOwvLcQ%252FtBNuGkFo0Wo7%252B%252B7qg%253D%253D%7Campid%3APL_CLK%7Cclp%3A2334524
SKMEI MEN WRISTWATCH LUXURY DIGITAL OUTDOOR SPORT WATCH 30M WATERPROOF 1337,12.03,AU,14,https://www.ebay.com/itm/143681367066?hash=item217413ac1a:g:GkgAAOSwV6VfNH0T
SKMEI Mens Sport Digital Wristwatch 2 Time Luminous LED Watch Waterproof 1712 5,14.15,US,3,https://www.ebay.com/itm/384090242244?hash=item596d8ffcc4:g:I3oAAOSwsspgc2zN
SKMEI Sports Women Watches Waterproof Men Trendy LED Digital Wristwatch 1362 A6,12.85,AU,1,https://www.ebay.com/itm/154538818049?hash=item23fb3b3a01:g:X3cAAOSw68lg98G2
SKMEI Mens All Black Military Style Army Walking Sports Waterproof 1251 Z2C9,5.89,GBP,16,https://www.ebay.com/itm/274616976773?hash=item3ff0728585:g:sv8AAOSwVRZfj1jD
SKMEI Watch Waterproof Digital LED Wristwatch Fashion Sport Mens Watches H,6.48,GBP,,https://www.ebay.com/itm/133831403497?hash=item1f28f927e9:g:Qr0AAOSwtXxbMFI-
SKMEI Watch Mens/Womens Watches Waterproof Sport LED Digital Wristwatch L3AU,10.75,AU,4,https://www.ebay.com/itm/203254721998?hash=item2f52ecedce:g:UAQAAOSwqrNgCQ9F
Mens Watch Wrist Army Military Alarm Analog Digital Waterproof Sport SKMEI 1299,7.89,GBP,2,https://www.ebay.com/itm/234027462812?hash=item367d1fb09c:g:QgsAAOSw0w5grzYv
Mens Watch Army Military Alarm Analog Digital Waterproof Sport Wrist SKMEI 1270,12.99,GBP,,https://www.ebay.com/itm/154496085123?hash=item23f8af2c83:g:F98AAOSwxCxgyqxG
SKMEI Sports Digital Watch 30m Waterproof Business Casual Men Wristwatch 1337,7.17,GBP,1,https://www.ebay.com/itm/334069568205?hash=item4dc81912cd:g:p1wAAOSwWCtg53DF
SKMEI Waterproof Electronic Watch Men Outdoor Sports LED Digital Wristwatch,13.32,AU,4,https://www.ebay.com/itm/144078583954?hash=item218bc0b892:g:UuYAAOSwop1gyud-
SKMEI Trendy Style Men Quartz Watch Sport Waterproof Wristwatch Date Time 1779,13.4,GBP,,https://www.ebay.com/itm/334076523736?hash=item4dc88334d8:g:Lj0AAOSw5elg7rg9
SKMEI Men Big Dial Fashion Quartz Watch Casual Date Waterproof Stopwatch 9128 1x,15.78,US,54,https://www.ebay.com/itm/154143134910?hash=item23e3a594be:g:Q0wAAOSw~ddfh-rp
SKMEI Men Luxury LED Digital Military Wristwatch Sport-Watches Waterproof I0S9,6.18,GBP,4,https://www.ebay.com/itm/324468768734?hash=item4b8bd87fde:g:86wAAOSw3GlgFGWB
SKMEI Mens Sport Watches Countdown Digital Alarm 50m Waterproof Wristwatch 1420,9.86,US,14,https://www.ebay.com/itm/333919941352?hash=item4dbf2df2e8:g:KFAAAOSwx1FgTTJO
SKMEI Multifunction Mens Sports Digital Wrist Watch 50m Waterproof Watches 1434,9.07,US,11,https://www.ebay.com/itm/224372637371?hash=item343da6bebb:g:OxoAAOSwsbhgP8N3
SKMEI Watch Sport Mens Watches 5 Alarm Digital Date LED Wristwatch Waterproof,9.3,GBP,19,https://www.ebay.com/itm/183863827061?hash=item2acf235a75:g:xjMAAOSwjcVdFdY7
Skmei Mens Sports Digital Analogue Army Military Quartz Waterproof Alarm Watch,17.59,GBP,12,https://www.ebay.com/itm/202843377064?hash=item2f3a684da8:g:uH4AAOSw849d6Ser
SKMEI MENS DIGITAL SPORT WRIST WATCH LUXURY MILITARY WATCH 50M WATERPROOF 1632,16.03,AU,5,https://www.ebay.com/itm/392931979769?hash=item5b7c9231f9:g:YSIAAOSwHcdfVDz8
SKMEI 1501 Men Smart Watch Luxury bluetooth Calorie Motion Track Waterproof  x.,20.5,US,8,https://www.ebay.com/itm/133446957469?hash=item1f120ef99d:g:N4kAAOSwijle8pKM
Waterproof SKMEI Men's Stainless Steel LED Digital Sport Quartz Wrist Watch Gif,12.52,AU,2,https://www.ebay.com/itm/353375102420?_trkparms=ispr%3D1&hash=item5246cc25d4:g:MzQAAOSwLGpgGTIX&amdata=enc%3AAQAGAAACoPYe5NmHp%252B2JMhMi7yxGiTJkPrKr5t53CooMSQt2orsSd0ReTLyM7cxPnI6zs468EHaOHZw5ArKo%252FBpjudcYOhBEpZ1%252FJ%252FHVczBP7Gza061nPgjOar7KLaDAcYCb%252FpaInmlE1ORJR5vaL005Rt8HTmXIzS9w8I87HsyEvZ9Z5gbzNfA661whx0vWBp3%252FlI1D2NO5oekVQqA5CUkYNBYruVyMHl683h9PDYyC77h8cH8Tsg3F98CWALMTC8FtogT3h%252FFvPujVjDKcP9%252F5N0K5Zv4cmo4JEe0rAQMH1APhTFV%252BlN3%252Ba0Rc0C3jic7%252Bj5iMWQA7dll2uIcip0girSV%252F54lVFIyuz3YfAcetxlPNnVSbxF1ITiCjEHUD28QfPrUXK7g3Tys4ZcqFplFy3j8qzymK9f49lb4BRzcndBpDNP9fkLVCtgvi8catPJl4izCZ1CYCsiC9AhiIZ3ANPqB7uevCiVfIEMzf6VkPChEl8%252Fh920r8Om27GCvzzopWpzQObxxf1GyviBmB8x9VU0xw8YscNFrJHqFa6ZembPd%252F6DnRHVp%252BOpNUHtfLew0IPO9xYrjro5b4I9Qrp%252FyjsNfukSvDmCvJCVWeNIj9lk0%252B0ckPhcALoPnxfIO7QryEOoBmfKfSECo6N8Yc3oxga%252Bk91bGrb8nuXcj2mxP3XHGLXWgi3dW5iADYq9vTY%252FGdiyjPK6k790PiWU7Hgrme6cYGGRjCpFw1a1zZDA4cUo%252Fu%252BxBXkenx%252Ba2JPIH2LU6L6G5447bO%252Fv01RQbgtNhAkCqcROL5pUcLTMmH2WX1SPEHF7p3ISyXt%252FTt7wapPSWdD60D4A64i97HWHyu4QmTI3ZEzldOgsDhA9ps3F0%252F55acAHDWAfRxCR%252BNpyYb9vui7BGbyA%253D%253D%7Campid%3APL_CLK%7Cclp%3A2334524
kmei women multifunction digital watch men sports wristwatch waterproof 1363 7,9.47,GBP,2,https://www.ebay.com/itm/393241408893?_trkparms=ispr%3D1&hash=item5b8f03b57d:g:ksAAAOSwpflgcsEE&amdata=enc%3AAQAGAAACoPYe5NmHp%252B2JMhMi7yxGiTJkPrKr5t53CooMSQt2orsSU8qUIAeVPdz29zRlje3Lg7jXcr0%252FJqHlZNlhZFtM8MK%252BlXfSchokFmYpUDJ5ifnz5UJnb%252Fh4R7IiGQs%252FhnM%252FOFlzETRodALHqnDELHrbyFGdE%252BsJ%252FKKXHNcSjDCH68XdbRWgHarUF2S%252FvmhSE8jGGaGuOdTiKVyUk7tEb8ww1UkQ8HPCAR%252F5TkRE0p69DcI7VMfRMm3WERBSq34hUM9xdtWv58uqHpUqRhms6jmH1bE9BKV8Wa0STcPcek0HN%252BZzD2zX8RntvnxCKic4p7au9r55n2Hm%252FwoK8kcaPl%252FtOneY9yzmJkDFZmU9Wsp8jmhp1Zx2swnSPQlHjTDlWRGe3F7xdAFzRcg83sNc0iD%252FqqNtKHmPEbjV0qY2CyfjeUGkwAdrphzbXolEJmnDVWtFl8dN8oghGNf6fozfRtzQtJRQ4s%252FW9C8KutBDFpGJfp7oOOonaXHMZdjqOz1oXZqbJ2vaMN%252Ba1r7hhKr1EbGB5qhEWjZz%252BS6xSoyr946f2vnVbmMtC1ZU8pSvQ%252FjC6SP9gJwkJGh3Rm6ktKHcLnJiqsT1ojnGjv3A70XO2TBiOCOHdXVQpLXKUpK2hGBxACHr09hKmGoeQB2VA3lTOF8s%252F7l1MINqQ4B%252FIAiTm4PuTHA3R7hr%252FiXyNoQ%252FsJkv85dMjEioVVPj0hDUKWKXzxZhP90zGTmPnsKU%252BVWgVNoyhNdElCLsXELYPMYUlBbW8YoFWQQwffadfLwL4%252Fbs4B0Ipmv8aN9X2W%252Bq9XY5V6%252F9tRFDnDTl88zSTXNw1CSrxl2ByLUiGnEhlbwsLXbcU4TZSfj%252FrRsyXTeTcoeMpeRpWqnEPblwaWHbvwfoxEGEN47iXQ%253D%253D%7Campid%3APL_CLK%7Cclp%3A2334524
Mens Watch Army Millitary Alarm Analog Waterproof Digital Sport Wrist SMKEI UK,11.95,GBP,3,https://www.ebay.com/itm/363481218262?epid=8046196058&hash=item54a12b3cd6:g:XAIAAOSwN2dg~cHB
SKMEI Watch Mens/Womens Watches Waterproof Sport Outdoor LED Digital Wristwatch,11.99,US,1,https://www.ebay.com/itm/234090875632?hash=item3680e74af0:g:TFEAAOSwEq5g8JdJ
SKMEI Men Quartz Analog Sport Watch Waterproof Male Casual Stopwatch Date 9128,12.57,GBP,1,https://www.ebay.com/itm/402967050324?hash=item5dd2b53854:g:tZEAAOSwAGpg4F4H
SKMEI Waterproof Electronic Watch Men Outdoor Sports LED Digital Wristwatch‚ù§,13.25,AU,1,https://www.ebay.com/itm/274809871927?hash=item3ffbf1de37:g:Kg8AAOSwyKFgrFWZ
SKMEI Fashion Mens Sports Watch Alarm 5Bar Waterproof Digital Wristwatch 1472 1,11.36,US,14,https://www.ebay.com/itm/392993552056?hash=item5b803db6b8:g:OZgAAOSwum1fmFGw
SKMEI Waterproof Sport Watches Mens Large Dial Watch Quartz Stainless Wristwatch,11.2,US,,https://www.ebay.com/itm/154452158627?hash=item23f610e8a3:g:pC0AAOSw~u5gnaP2
Mens Tactical Digital LED Waterproof Military Sports Stopwatch Army Wrist Watch,10.11,GBP,44,https://www.ebay.com/itm/143680041966?hash=item2173ff73ee:g:7XIAAOSwq8hfMhQ6
SKMEI Luxury Formal Watch Stainless Steel  Mens Waterproof Wristwatch,7.5,GBP,,https://www.ebay.com/itm/274871647112?hash=item3fffa07b88:g:Uk4AAOSwh-ZghSEx
SKMEI Mens All Black Military Style Army Walking Sports Watch Waterproof H5P7,5.43,GBP,,https://www.ebay.com/itm/294215285754?hash=item448098fbfa:g:IAMAAOSwWwNgmJud
SKMEI Mens Watch Military Army Alarm Analog Digital Waterproof Sport Wrist New,7.89,GBP,,https://www.ebay.com/itm/384190009492?hash=item5973825094:g:JbUAAOSwSctgrzYu
SKMEI Mens Classic Watch Silver Digital Stainless Steel Waterproof Wrist Fashion,11.99,GBP,29,https://www.ebay.com/itm/313475090385?hash=item48fc9247d1:g:qQ4AAOSwVexgXShX
Mens Watch Army Military Alarm Analog Digital Waterproof Sport Wrist SKMEI 1270,13.99,GBP,"1,317",https://www.ebay.com/itm/224158812817?epid=8046196058&hash=item3430e80a91:g:DmwAAOSwOVxfkY8w
MENS WATERPROOF SKMEI DIGITAL SPORTS WATCH Gold Military Army Water Resistant 62,18.95,AU,915,https://www.ebay.com/itm/313124355781?hash=item48e7aa7ec5:g:giMAAOSw4Ppe8fyx
Mens Watch Digital Stainless Steel Waterproof Wrist SKMEI Black Fashion C,11.99,GBP,42,https://www.ebay.com/itm/313513549435?hash=item48fedd1e7b:g:FgUAAOSwIA1gXSX1
Mens Watch Army Green Military Alarm Analog Digital Waterproof Sport Watch SKMEI,11.99,GBP,11,https://www.ebay.com/itm/313468965691?hash=item48fc34d33b:g:BcgAAOSwzZVgXS1I
Mens Watch Army Military Style Walking Sports Waterproof  Casual | SKMEI 1251,12.99,GBP,267,https://www.ebay.com/itm/383720955798?hash=item59578d1f96:g:kVUAAOSwTahfkag5
SKMEI Mens Watch Gold Digital Stainless Steel Waterproof Wrist Fashion C,11.99,GBP,21,https://www.ebay.com/itm/313507811038?hash=item48fe858ede:g:TLoAAOSwbgdgXSfq
Mens Wristwatch Skeleton Mechanical Waterproof Automatic Black Steel SKMEI 9184,24.99,GBP,10,https://www.ebay.com/itm/224314002210?hash=item343a280b22:g:GIMAAOSwMn1f~cTY
SKMEI Mens 1251 All Black Military Style Army Walking Sports Waterproof Watch,11.5,GBP,65,https://www.ebay.com/itm/174041342807?epid=20031191084&hash=item2885ac2357:g:9bwAAOSweopdNrIb
MENS WATERPROOF SKMEI DIGITAL SPORTS WATCH Gold Military Army Water Resistant 68,19.5,AU,72,https://www.ebay.com/itm/124591990489?hash=item1d0242e6d9:g:hfsAAOSwAuVgNiQH
SKMEI Mens All Black Military Style Army Walking Sports Waterproof 1251 L8W5,5.66,GBP,4,https://www.ebay.com/itm/392825647367?_trkparms=ispr%3D1&hash=item5b763bb107:g:yJAAAOSwSPJe2PB9&amdata=enc%3AAQAGAAACoPYe5NmHp%252B2JMhMi7yxGiTJkPrKr5t53CooMSQt2orsSU8qUIAeVPdz29zRlje3Lg1f99Pbc5RiZYdzD3b%252FtpfWKgtnNQPP7CbVnTleOdDTiLa%252FR2zbEg4Hg9qDCHiDIpP8SOsoDn856g%252BRnNfkQC7L%252F5c5y29DYHoUii3AxNFHQx4JuZmeZeF5TDKWoYZYoYaAuPfAISencU8wllOPmz495UgDnrQZ%252F5awRtL9j2QI2AAbcKFSRdEj1xCt8ASsodq9YA%252Fcm1kqsR820H70UB%252BrT46V5U%252BxP52%252F0TynpD46AH3B%252Bwk5QURXXkY4%252FEWV2jUFh8uuSTfntURxbkwcsrHguJAKDWefO%252BNTkGx1gJmliPPq1kxswi1pn5LzgyIvvIAgyft8omsxY46Rg9Ot8CD7v9aRefd%252FaIEr8Yq2GkLGOGJbJfuTUisieT108HorBrecxe%252Bdt2%252FIz7AtHJK4kwR3ig3aDvtSnlGFKgH%252Fa4bxA1YcJmKgXevont3UtV5lYoYGGgNaxYS48rDoltkV1I7nmj36uKRLq5%252FWZCqx0YXHiMVjHn4Hd4vALaPl31WGhQDj2JjC9g%252FxXN5W4kSaZalTR2ERa0oxuNzq8Ucmx44tHWCQOaiU9pDBL%252BTC570L%252Bjm6YHBRlZvKPvC%252BEeID07VlarrFMl0W7xASKoUackjOWrp%252By9grhtSetv3sLMJ4HnrOqSimdPtZidmLSMQzcQAxrlW7gkTMCv6%252FUIpK9DUne7f%252BDYEavRcVXihtNDUNjrby7%252F1oBvSDAWizrDg%252Bo%252BqhmQrLCa4F%252BCatmO2W6AheM8gFU7Xa6ILDXm5qEfabOO8PpPihKd2AQRO7YHHJQOQmlZDH3384jQm%252BzxtQ%252FqHV868A2LF6%252Bd8NHwdI0bha7Dg%253D%253D%7Campid%3APL_CLK%7Cclp%3A2334524
SKMEI Mens 1251 All Black Military Style Army Walking Sports Waterproof Watch,11.99,GBP,6,https://www.ebay.com/itm/324695668779?epid=20031191084&_trkparms=ispr%3D1&hash=item4b995eb82b:g:EGwAAOSwmAhhAYHa&amdata=enc%3AAQAGAAACoPYe5NmHp%252B2JMhMi7yxGiTJkPrKr5t53CooMSQt2orsSvhAqMt0wg86xg8aAkgjQJKI0inyvo2usO8xzxXQR7hv%252FfdDkW%252FlWuUla8pmqCs6pSvqzxBuMhXrd7RmR6nIRYZwpLsFuxGKFhbUgC7hGu%252BCfZdBBcWqR34FRI%252FIXwfUhfuUIpUA8w4l9HLOBAqxYninJGr%252Fq0uqsK7z%252FlSBko40aNshz6TX4yT%252B6odmlLS3BzrZA4MoLmaBnn3h%252FxrnfOwVjeqXwJ3wDFsFdIF%252BZGVW2fAiA0Iw5v1vDM3k1afgzHAYhJIj87HefyUMX2wk6opALodLfKBfIHUivoUYHHvCotlAsIkyAylxDoKxst4TGFUVqB1uTCRhOYAibB67uSgQwSHq6UQK0jGHxayqL0kgNRI70zpwooRcjYet36GbtzKXIGH%252Fh%252FZ6uTnPvqttwHn0RyZH31BYW8JGBwCTGIPL0XG%252BQOIGe3JaS58RGNU2W26uDWaYIZoX%252Bbx9UpuBa9Ha2e5%252BKTVIQ0TpPArDoBo7yV7kET6G0GDU1w4w9R03tbeA38FneyR7%252Fpm%252FnIqdSpjkyTuoDX7WJBVRbfLuWxJIb%252BVbVt4%252Fge5umtNw%252BGiKLYcnR6sOlPIs2lQRdgMDaNZpqoJzDCFe3DtwFhI5aFIGm0fEy8aC3vUGzvBFQBtvOx0D15n8k2D7KjNblCQdP0XQeHprn86o8hlnCqHUn9bqA%252F0V7X%252BSt1VWsp9XkkrZCd7x1ri7mM5BT3%252B9%252BSrmVgbXezbPFrdUnTLIgEpel4GpxMGzbRwEqFSPJI5yyC%252BQmcKsJZVv9OYJBDz%252Bw0hnFbtgDBx3Ofn0duymOBuPf3V3W20HJLnRI4HY%252F%252FyYPoB4IYs5QIwju86mmIjM9uTJDIQ%253D%253D%7Campid%3APL_CLK%7Cclp%3A2334524
